{
  "val_loss": [
    0.04716125708727868
  ],
  "val_accuracy": [
    0.9964912280701754
  ],
  "val_auc": [
    0.9249743062692704
  ]
}